Bio,Following Count,Followers Count,Location,Website,ProfileURL
"Providing Entertainment & Travel to Commercial Radio. Reaching 28.9M weekly listeners. Winners of The Arqiva National Sales Team of the Year 2010, 2011 & 2016",456,136,"London, England",gtn.uk.com/index.php,https://twitter.com/GTNUK1
"push, push",4,5.5M,California,bit.ly/WatchPushPush,https://twitter.com/whatsapp
Customs Broker,124,44,,,https://twitter.com/aacb_CBPTrade
A & A Freight | Warehousing | Customs Brokerage | Helping people ship across borders.,"3,889",700,Worldwide,aacb.com,https://twitter.com/aacbdotcom
A commercial glass and glazing company serving the window industry in New England since 1954. ,88,82,"Malden, MA",aawindowproducts.com,https://twitter.com/@AAWindowPRODUCT
"A&B Kia is a Kia dealer in Benwood, WV. Stay connected to exceed expectations. Build strong relationships. Drive the best with us.",333,298,"Benwood, West Virginia ",aandbautosales.com,https://www.twitter.com/aandb_kia
"Industry leader in wholesale home decor, furniture, and garden, since 1993.",178,367,"Rancho Cucamonga, CA",abhomeinc.com,https://twitter.com/ABHomeInc
"From large format black & white prints to the most sophisticated of digital color printing jobs, A & B can get the job done right.",123,134,"Bentonville, AR",abrepro.com,https://twitter.com/Abrepro
,,,,,http://www.twitter.com
"A & C CHRISTOFI LTD is a fast growing professional services company based in Limassol, Cyprus. Our main Concern is your Business.",291,93,,,https://twitter.com/ACChristofiLtd
Used Clothing Distributor,0,17,Carteret,aeclothing.net,https://twitter.com/aeclothing1
,,,,,http://www.twitter.com/
,,,,,https://twitter.com/AETechnologies1
"Create, manage and grow your business online with Wix. It’s more than just a website builder, it’s how your vision comes to life. For support: ","3,726",414.9K,We're everywhere!,wix.com,http://www.twitter.com/wix
"A & G Insurance prides itself on being your local, full service, Independent Insurance Agency.",257,100,Connecticut,aginsuranceinc.com,https://twitter.com/AGInsuranceLLC
